dataset,method,seed,n_samples,n_context,n_behavior,anomaly_rate,auroc,auprc,nan_rate,runtime_sec,timestamp
thyroid,IF,42,3772,3,3,0.1123188405797101,0.9615317094579768,0.6199575117651331,0.0,0.1956219673156738,2026-02-02T23:40:17.742414
thyroid,IF-concat,42,3772,3,3,0.1123188405797101,0.9893350888742594,0.9165065926061384,0.0,0.1663539409637451,2026-02-02T23:40:17.915387
thyroid,DIF,42,3772,3,3,0.1123188405797101,0.9625777192597468,0.7560704126784971,0.0,1.2495028972625732,2026-02-02T23:40:19.173148
thyroid,CVAE,42,3772,3,3,0.1123188405797101,0.9181771633384536,0.6978282285948495,0.0,6.584739685058594,2026-02-02T23:40:25.767897
thyroid,CWAE-MMD-IF,42,3772,3,3,0.1123188405797101,0.8926486723721746,0.605305493911121,0.0,11.426623106002808,2026-02-02T23:40:37.204374
thyroid,CWAE-MMD-CRPS,42,3772,3,3,0.1123188405797101,0.9147977470558116,0.6086061707727208,0.0,11.831707000732422,2026-02-02T23:40:49.044243
thyroid,CWAE-MMD-Huber,42,3772,3,3,0.1123188405797101,0.8782824957940165,0.5543042087355181,0.0,12.14812469482422,2026-02-02T23:41:01.201890
thyroid,CWAE-MMD-DIF-Dual,42,3772,3,3,0.1123188405797101,0.9569307292809596,0.6754644927176764,0.0,14.375162124633787,2026-02-02T23:41:15.587067
thyroid,CWAE-MMD-IF-Dual,42,3772,3,3,0.1123188405797101,0.9559798112793504,0.6211207552836793,0.0,12.069273471832275,2026-02-02T23:41:27.670754
thyroid,CWAE-MMD-IF-Latent,42,3772,3,3,0.1123188405797101,0.9650208470484968,0.6643119274842648,0.0,11.72614312171936,2026-02-02T23:41:39.405774
thyroid,IF,123,3772,3,3,0.1123188405797101,0.9665569453587888,0.6742839473631217,0.0,0.2282686233520507,2026-02-02T23:41:39.643578
thyroid,IF-concat,123,3772,3,3,0.1123188405797101,0.9889547216736156,0.8856271209053105,0.0,0.2265064716339111,2026-02-02T23:41:39.878914
thyroid,DIF,123,3772,3,3,0.1123188405797101,0.9680345256382124,0.7698867379387531,0.0,1.324441909790039,2026-02-02T23:41:41.213258
thyroid,CVAE,123,3772,3,3,0.1123188405797101,0.8594396898544364,0.5550119037445443,0.0,5.079651117324829,2026-02-02T23:41:46.302407
thyroid,CWAE-MMD-IF,123,3772,3,3,0.1123188405797101,0.8635505815229317,0.5559471943277007,0.0,11.243621110916138,2026-02-02T23:41:57.554736
thyroid,CWAE-MMD-CRPS,123,3772,3,3,0.1123188405797101,0.9178406846609612,0.6648863226992751,0.0,11.549773931503296,2026-02-02T23:42:09.113132
thyroid,CWAE-MMD-Huber,123,3772,3,3,0.1123188405797101,0.8936873674200863,0.5902353832646355,0.0,11.495842695236206,2026-02-02T23:42:20.619024
thyroid,CWAE-MMD-DIF-Dual,123,3772,3,3,0.1123188405797101,0.9543705654304732,0.6733640318773004,0.0,13.840488910675049,2026-02-02T23:42:34.469856
thyroid,CWAE-MMD-IF-Dual,123,3772,3,3,0.1123188405797101,0.9587008997147246,0.6589833334274448,0.0,12.083047866821287,2026-02-02T23:42:46.565314
thyroid,CWAE-MMD-IF-Latent,123,3772,3,3,0.1123188405797101,0.9689269256089532,0.7046578476725609,0.0,11.606350898742676,2026-02-02T23:42:58.180073
thyroid,IF,456,3772,3,3,0.1123188405797101,0.958693584960866,0.6275477076152907,0.0,0.1960618495941162,2026-02-02T23:42:58.383224
thyroid,IF-concat,456,3772,3,3,0.1123188405797101,0.990139711798698,0.9161357207872006,0.0,0.1839528083801269,2026-02-02T23:42:58.573697
thyroid,DIF,456,3772,3,3,0.1123188405797101,0.9606027357179432,0.7427379538072513,0.0,1.36564302444458,2026-02-02T23:42:59.950102
thyroid,CVAE,456,3772,3,3,0.1123188405797101,0.8587959915148855,0.4761977362166664,0.0,5.278670310974121,2026-02-02T23:43:05.242152
thyroid,CWAE-MMD-IF,456,3772,3,3,0.1123188405797101,0.9150903372101528,0.695379619082711,0.0,12.325202703475952,2026-02-02T23:43:17.576786
thyroid,CWAE-MMD-CRPS,456,3772,3,3,0.1123188405797101,0.9510642966864165,0.7672947548878954,0.0,12.430704116821287,2026-02-02T23:43:30.017931
thyroid,CWAE-MMD-Huber,456,3772,3,3,0.1123188405797101,0.885333918513642,0.5801616524809325,0.0,11.461909532546995,2026-02-02T23:43:41.489841
thyroid,CWAE-MMD-DIF-Dual,456,3772,3,3,0.1123188405797101,0.9492502377295003,0.6650532165703688,0.0,14.36940598487854,2026-02-02T23:43:55.868564
thyroid,CWAE-MMD-IF-Dual,456,3772,3,3,0.1123188405797101,0.9521761392729134,0.6882290990883629,0.0,11.9875226020813,2026-02-02T23:44:07.869868
thyroid,CWAE-MMD-IF-Latent,456,3772,3,3,0.1123188405797101,0.956799063711506,0.6310608189164797,0.0,11.68363070487976,2026-02-02T23:44:19.563311
cardio,IF,42,1831,10,11,0.3471400394477317,0.8357250755287009,0.7685700006508321,0.0,0.2402372360229492,2026-02-02T23:44:19.814641
cardio,IF-concat,42,1831,10,11,0.3471400394477317,0.9576695962647626,0.9142325573586082,0.0,0.2459855079650879,2026-02-02T23:44:20.070613
cardio,DIF,42,1831,10,11,0.3471400394477317,0.960381763251854,0.9011061665156758,0.0,1.3205626010894775,2026-02-02T23:44:21.399879
cardio,CVAE,42,1831,10,11,0.3471400394477317,0.7182951112331777,0.7284456712432951,0.0,2.634690046310425,2026-02-02T23:44:24.044769
cardio,CWAE-MMD-IF,42,1831,10,11,0.3471400394477317,0.8054106014831091,0.7620890659023167,0.0,5.996065855026245,2026-02-02T23:44:30.052363
cardio,CWAE-MMD-CRPS,42,1831,10,11,0.3471400394477317,0.7575013732491074,0.7380448324455638,0.0,6.700913190841675,2026-02-02T23:44:36.770529
cardio,CWAE-MMD-Huber,42,1831,10,11,0.3471400394477317,0.8034708871189233,0.7475148024789282,0.0,6.258627891540527,2026-02-02T23:44:43.039224
cardio,CWAE-MMD-DIF-Dual,42,1831,10,11,0.3471400394477317,0.8760985992859106,0.7880076219321407,0.0,8.774881839752197,2026-02-02T23:44:51.823162
cardio,CWAE-MMD-IF-Dual,42,1831,10,11,0.3471400394477317,0.8593106289480911,0.788832442245549,0.0,6.32198691368103,2026-02-02T23:44:58.157196
cardio,CWAE-MMD-IF-Latent,42,1831,10,11,0.3471400394477317,0.8567186212578961,0.7440701991455501,0.0,6.110381841659546,2026-02-02T23:45:04.276408
cardio,IF,123,1831,10,11,0.3471400394477317,0.8581090359791266,0.7788473117325654,0.0,0.2370965480804443,2026-02-02T23:45:04.523695
cardio,IF-concat,123,1831,10,11,0.3471400394477317,0.9494301016204338,0.8948458991334465,0.0,0.2091748714447021,2026-02-02T23:45:04.741860
cardio,DIF,123,1831,10,11,0.3471400394477317,0.9653426256522936,0.9229358119492524,0.0,1.468529224395752,2026-02-02T23:45:06.222680
cardio,CVAE,123,1831,10,11,0.3471400394477317,0.7469960175775885,0.7452674013744445,0.0,2.95435094833374,2026-02-02T23:45:09.189950
cardio,CWAE-MMD-IF,123,1831,10,11,0.3471400394477317,0.8549848942598187,0.8118328330666018,0.0,6.167643308639526,2026-02-02T23:45:15.368441
cardio,CWAE-MMD-CRPS,123,1831,10,11,0.3471400394477317,0.8584866794836583,0.8115553153097377,0.0,6.41245436668396,2026-02-02T23:45:21.791120
cardio,CWAE-MMD-Huber,123,1831,10,11,0.3471400394477317,0.8344204888766822,0.7931132603831541,0.0,5.648830413818359,2026-02-02T23:45:27.450730
cardio,CWAE-MMD-DIF-Dual,123,1831,10,11,0.3471400394477317,0.9117000823949464,0.8521119237227953,0.0,7.868016004562378,2026-02-02T23:45:35.327781
cardio,CWAE-MMD-IF-Dual,123,1831,10,11,0.3471400394477317,0.9005939302389454,0.8453766822149347,0.0,6.264328956604004,2026-02-02T23:45:41.606636
cardio,CWAE-MMD-IF-Latent,123,1831,10,11,0.3471400394477317,0.90004463059599,0.8177187630776555,0.0,5.44371509552002,2026-02-02T23:45:47.060092
cardio,IF,456,1831,10,11,0.3471400394477317,0.8714123867069486,0.7882841158910187,0.0,0.2257828712463379,2026-02-02T23:45:47.295933
cardio,IF-concat,456,1831,10,11,0.3471400394477317,0.9536700082394948,0.9016212107610196,0.0,0.1868388652801513,2026-02-02T23:45:47.490680
cardio,DIF,456,1831,10,11,0.3471400394477317,0.9652396319692392,0.9218351842720554,0.0,1.2384862899780271,2026-02-02T23:45:48.738805
cardio,CVAE,456,1831,10,11,0.3471400394477317,0.7092316671244163,0.7072741666449064,0.0,2.870004177093506,2026-02-02T23:45:51.619006
cardio,CWAE-MMD-IF,456,1831,10,11,0.3471400394477317,0.8641341664377918,0.8069535744169711,0.0,5.600238800048828,2026-02-02T23:45:57.228322
cardio,CWAE-MMD-CRPS,456,1831,10,11,0.3471400394477317,0.8315023345234827,0.7719973929366086,0.0,5.68899393081665,2026-02-02T23:46:02.925978
cardio,CWAE-MMD-Huber,456,1831,10,11,0.3471400394477317,0.8052217797308431,0.7781286468347267,0.0,5.4673144817352295,2026-02-02T23:46:08.401310
cardio,CWAE-MMD-DIF-Dual,456,1831,10,11,0.3471400394477317,0.8680135951661632,0.7881096337674933,0.0,7.80776572227478,2026-02-02T23:46:16.217655
cardio,CWAE-MMD-IF-Dual,456,1831,10,11,0.3471400394477317,0.8770083768195551,0.8076434673193343,0.0,5.682609796524048,2026-02-02T23:46:21.911665
cardio,CWAE-MMD-IF-Latent,456,1831,10,11,0.3471400394477317,0.8588814886020323,0.7639671666834716,0.0,5.425373315811157,2026-02-02T23:46:27.345401
arrhythmia,IF,42,452,137,137,0.4615384615384615,0.807556080283353,0.7865977695472859,0.0,0.1848824024200439,2026-02-02T23:46:27.538145
arrhythmia,IF-concat,42,452,137,137,0.4615384615384615,0.843171979535616,0.8416393965404635,0.0,0.1593708992004394,2026-02-02T23:46:27.703511
arrhythmia,DIF,42,452,137,137,0.4615384615384615,0.7796143250688705,0.7619154616575821,0.0,1.1010355949401855,2026-02-02T23:46:28.812487
arrhythmia,CVAE,42,452,137,137,0.4615384615384615,0.7975206611570249,0.798515024218733,0.0,0.9883363246917723,2026-02-02T23:46:29.812088
arrhythmia,CWAE-MMD-IF,42,452,137,137,0.4615384615384615,0.7977174340810704,0.7877218688415537,0.0,1.8054914474487305,2026-02-02T23:46:31.627789
arrhythmia,CWAE-MMD-CRPS,42,452,137,137,0.4615384615384615,0.8026367571822116,0.7974460973791954,0.0,1.7850570678710938,2026-02-02T23:46:33.422232
arrhythmia,CWAE-MMD-Huber,42,452,137,137,0.4615384615384615,0.7924045651318378,0.7902867910759516,0.0,1.7359559535980225,2026-02-02T23:46:35.166576
arrhythmia,CWAE-MMD-DIF-Dual,42,452,137,137,0.4615384615384615,0.7898465171192444,0.7649212651809094,0.0,3.978438854217529,2026-02-02T23:46:39.154738
arrhythmia,CWAE-MMD-IF-Dual,42,452,137,137,0.4615384615384615,0.8006690279417552,0.7923750273156385,0.0,2.0071001052856445,2026-02-02T23:46:41.174552
arrhythmia,CWAE-MMD-IF-Latent,42,452,137,137,0.4615384615384615,0.7778433687524596,0.769625245863695,0.0,1.6531593799591064,2026-02-02T23:46:42.837456
arrhythmia,IF,123,452,137,137,0.4615384615384615,0.7786304604486424,0.7499107383568607,0.0,0.1959776878356933,2026-02-02T23:46:43.042121
arrhythmia,IF-concat,123,452,137,137,0.4615384615384615,0.7699724517906337,0.7793857280057752,0.0,0.1551117897033691,2026-02-02T23:46:43.205317
arrhythmia,DIF,123,452,137,137,0.4615384615384615,0.7473435655253836,0.7207555131892324,0.0,1.117713451385498,2026-02-02T23:46:44.332487
arrhythmia,CVAE,123,452,137,137,0.4615384615384615,0.7682014954742228,0.7537833583522003,0.0,1.0968384742736816,2026-02-02T23:46:45.439761
arrhythmia,CWAE-MMD-IF,123,452,137,137,0.4615384615384615,0.786107831562377,0.7820141882782781,0.0,1.8989510536193848,2026-02-02T23:46:47.349866
arrhythmia,CWAE-MMD-CRPS,123,452,137,137,0.4615384615384615,0.7697756788665879,0.7563302007791215,0.0,1.815757751464844,2026-02-02T23:46:49.175175
arrhythmia,CWAE-MMD-Huber,123,452,137,137,0.4615384615384615,0.7807949626131445,0.7752237184980685,0.0,1.9054536819458008,2026-02-02T23:46:51.090806
arrhythmia,CWAE-MMD-DIF-Dual,123,452,137,137,0.4615384615384615,0.7719401810310901,0.7441953152808779,0.0,3.73248028755188,2026-02-02T23:46:54.833368
arrhythmia,CWAE-MMD-IF-Dual,123,452,137,137,0.4615384615384615,0.7833530106257379,0.7814875067652294,0.0,1.9808294773101809,2026-02-02T23:46:56.828088
arrhythmia,CWAE-MMD-IF-Latent,123,452,137,137,0.4615384615384615,0.6889020070838253,0.650725777690417,0.0,1.6382527351379397,2026-02-02T23:46:58.476282
arrhythmia,IF,456,452,137,137,0.4615384615384615,0.7644628099173554,0.7349992784800983,0.0,0.1994495391845703,2026-02-02T23:46:58.684508
arrhythmia,IF-concat,456,452,137,137,0.4615384615384615,0.7689885871704054,0.7502420863533898,0.0,0.1637241840362548,2026-02-02T23:46:58.855749
arrhythmia,DIF,456,452,137,137,0.4615384615384615,0.748917748917749,0.6883954104233426,0.0,1.1537256240844729,2026-02-02T23:47:00.019157
arrhythmia,CVAE,456,452,137,137,0.4615384615384615,0.7711530893349076,0.7434348148761509,0.0,1.1365675926208496,2026-02-02T23:47:01.166565
arrhythmia,CWAE-MMD-IF,456,452,137,137,0.4615384615384615,0.7780401416765054,0.757144259531874,0.0,1.6596286296844482,2026-02-02T23:47:02.835475
arrhythmia,CWAE-MMD-CRPS,456,452,137,137,0.4615384615384615,0.7727272727272727,0.7511102813705197,0.0,1.7982208728790283,2026-02-02T23:47:04.643332
arrhythmia,CWAE-MMD-Huber,456,452,137,137,0.4615384615384615,0.7839433293978749,0.7478730745520848,0.0,1.850163459777832,2026-02-02T23:47:06.502847
arrhythmia,CWAE-MMD-DIF-Dual,456,452,137,137,0.4615384615384615,0.7518693427784336,0.7163013836156166,0.0,3.776144027709961,2026-02-02T23:47:10.287959
arrhythmia,CWAE-MMD-IF-Dual,456,452,137,137,0.4615384615384615,0.7780401416765053,0.7463803251068633,0.0,1.941626787185669,2026-02-02T23:47:12.242751
arrhythmia,CWAE-MMD-IF-Latent,456,452,137,137,0.4615384615384615,0.7022825659189296,0.6509906870864031,0.0,1.702173948287964,2026-02-02T23:47:13.953328
ionosphere,IF,42,351,16,17,0.7368421052631579,0.8636684303350969,0.94875728848605,0.0,0.1808881759643554,2026-02-02T23:47:14.141510
ionosphere,IF-concat,42,351,16,17,0.7368421052631579,0.9291005291005292,0.9739370921290996,0.0,0.1517863273620605,2026-02-02T23:47:14.299938
ionosphere,DIF,42,351,16,17,0.7368421052631579,0.948853615520282,0.9817848055507612,0.0,1.192291021347046,2026-02-02T23:47:15.501247
ionosphere,CVAE,42,351,16,17,0.7368421052631579,0.9398589065255732,0.980496099339077,0.0,0.666895866394043,2026-02-02T23:47:16.180900
ionosphere,CWAE-MMD-IF,42,351,16,17,0.7368421052631579,0.9465608465608466,0.9814159979520252,0.0,0.973114252090454,2026-02-02T23:47:17.163871
ionosphere,CWAE-MMD-CRPS,42,351,16,17,0.7368421052631579,0.9398589065255732,0.9794833381716384,0.0,0.995185375213623,2026-02-02T23:47:18.167654
ionosphere,CWAE-MMD-Huber,42,351,16,17,0.7368421052631579,0.946031746031746,0.9811214216561012,0.0,0.983452320098877,2026-02-02T23:47:19.159848
ionosphere,CWAE-MMD-DIF-Dual,42,351,16,17,0.7368421052631579,0.8887125220458554,0.9592348059752126,0.0,3.159276247024536,2026-02-02T23:47:22.326971
ionosphere,CWAE-MMD-IF-Dual,42,351,16,17,0.7368421052631579,0.8162257495590829,0.9150829165603348,0.0,1.1192326545715332,2026-02-02T23:47:23.457929
ionosphere,CWAE-MMD-IF-Latent,42,351,16,17,0.7368421052631579,0.5858906525573192,0.7325185832531262,0.0,0.9536938667297364,2026-02-02T23:47:24.420290
ionosphere,IF,123,351,16,17,0.7368421052631579,0.8523809523809524,0.9367473448049358,0.0,0.1912329196929931,2026-02-02T23:47:24.620006
ionosphere,IF-concat,123,351,16,17,0.7368421052631579,0.8950617283950617,0.9537935711007534,0.0,0.1866040229797363,2026-02-02T23:47:24.814713
ionosphere,DIF,123,351,16,17,0.7368421052631579,0.9375661375661376,0.9750081279423536,0.0,1.2270610332489014,2026-02-02T23:47:26.051088
ionosphere,CVAE,123,351,16,17,0.7368421052631579,0.9328042328042327,0.970647862036012,0.0,0.5328149795532227,2026-02-02T23:47:26.594996
ionosphere,CWAE-MMD-IF,123,351,16,17,0.7368421052631579,0.9502645502645504,0.982501777332464,0.0,0.935594081878662,2026-02-02T23:47:27.539369
ionosphere,CWAE-MMD-CRPS,123,351,16,17,0.7368421052631579,0.95026455026455,0.982221965476232,0.0,1.001579523086548,2026-02-02T23:47:28.549625
ionosphere,CWAE-MMD-Huber,123,351,16,17,0.7368421052631579,0.947442680776014,0.9813303565510804,0.0,0.9561154842376708,2026-02-02T23:47:29.514300
ionosphere,CWAE-MMD-DIF-Dual,123,351,16,17,0.7368421052631579,0.8814814814814815,0.9322948550479968,0.0,3.2679622173309326,2026-02-02T23:47:32.791317
ionosphere,CWAE-MMD-IF-Dual,123,351,16,17,0.7368421052631579,0.8160493827160494,0.8876689721516731,0.0,1.1388466358184814,2026-02-02T23:47:33.941919
ionosphere,CWAE-MMD-IF-Latent,123,351,16,17,0.7368421052631579,0.6238095238095238,0.7478318133318622,0.0,0.9769837856292723,2026-02-02T23:47:34.928529
ionosphere,IF,456,351,16,17,0.7368421052631579,0.8405643738977072,0.9364882969710504,0.0,0.205714464187622,2026-02-02T23:47:35.142976
ionosphere,IF-concat,456,351,16,17,0.7368421052631579,0.8987654320987655,0.9605382040859932,0.0,0.1721055507659912,2026-02-02T23:47:35.321823
ionosphere,DIF,456,351,16,17,0.7368421052631579,0.9349206349206348,0.976185711062988,0.0,1.1742351055145264,2026-02-02T23:47:36.504514
ionosphere,CVAE,456,351,16,17,0.7368421052631579,0.8846560846560847,0.9565653503910584,0.0,0.5492119789123535,2026-02-02T23:47:37.063425
ionosphere,CWAE-MMD-IF,456,351,16,17,0.7368421052631579,0.9047619047619048,0.9646459955283588,0.0,0.941490888595581,2026-02-02T23:47:38.013641
ionosphere,CWAE-MMD-CRPS,456,351,16,17,0.7368421052631579,0.901410934744268,0.962571354874874,0.0,1.0010974407196045,2026-02-02T23:47:39.022956
ionosphere,CWAE-MMD-Huber,456,351,16,17,0.7368421052631579,0.9077601410934744,0.9642778165470116,0.0,1.0064682960510254,2026-02-02T23:47:40.038153
ionosphere,CWAE-MMD-DIF-Dual,456,351,16,17,0.7368421052631579,0.8753086419753087,0.94096293598045,0.0,3.140028238296509,2026-02-02T23:47:43.186999
ionosphere,CWAE-MMD-IF-Dual,456,351,16,17,0.7368421052631579,0.837389770723104,0.9131046337390374,0.0,1.130176305770874,2026-02-02T23:47:44.328668
ionosphere,CWAE-MMD-IF-Latent,456,351,16,17,0.7368421052631579,0.6377425044091711,0.7557640640912062,0.0,1.0613222122192385,2026-02-02T23:47:45.398687
pima,IF,42,768,4,4,0.7282608695652174,0.7203358208955223,0.8678537121470342,0.0,0.2256815433502197,2026-02-02T23:47:45.633136
pima,IF-concat,42,768,4,4,0.7282608695652174,0.8052985074626865,0.8931930770734048,0.0,0.1945979595184326,2026-02-02T23:47:45.835715
pima,DIF,42,768,4,4,0.7282608695652174,0.772723880597015,0.8746125279830113,0.0,1.2300724983215332,2026-02-02T23:47:47.076217
pima,CVAE,42,768,4,4,0.7282608695652174,0.6918283582089553,0.8680453568520128,0.0,0.9430036544799804,2026-02-02T23:47:48.029812
pima,CWAE-MMD-IF,42,768,4,4,0.7282608695652174,0.7297388059701493,0.8912763431309114,0.0,1.8221328258514404,2026-02-02T23:47:49.861416
pima,CWAE-MMD-CRPS,42,768,4,4,0.7282608695652174,0.775223880597015,0.906935135285082,0.0,2.042569875717163,2026-02-02T23:47:51.912562
pima,CWAE-MMD-Huber,42,768,4,4,0.7282608695652174,0.7447388059701493,0.8950453324452066,0.0,1.7996923923492432,2026-02-02T23:47:53.720638
pima,CWAE-MMD-DIF-Dual,42,768,4,4,0.7282608695652174,0.7411940298507462,0.8814839780671497,0.0,4.052180767059326,2026-02-02T23:47:57.781360
pima,CWAE-MMD-IF-Dual,42,768,4,4,0.7282608695652174,0.7350373134328357,0.881659803255942,0.0,1.9697895050048828,2026-02-02T23:47:59.763153
pima,CWAE-MMD-IF-Latent,42,768,4,4,0.7282608695652174,0.6878358208955224,0.8418669852083555,0.0,1.969224214553833,2026-02-02T23:48:01.740998
pima,IF,123,768,4,4,0.7282608695652174,0.5987686567164179,0.7794489619220677,0.0,0.1733760833740234,2026-02-02T23:48:01.922154
pima,IF-concat,123,768,4,4,0.7282608695652174,0.6782462686567166,0.8226145288677587,0.0,0.1975109577178955,2026-02-02T23:48:02.127446
pima,DIF,123,768,4,4,0.7282608695652174,0.6792910447761195,0.8077393233151486,0.0,1.093252182006836,2026-02-02T23:48:03.229246
pima,CVAE,123,768,4,4,0.7282608695652174,0.6172014925373134,0.8061981417558124,0.0,0.9339423179626464,2026-02-02T23:48:04.173058
pima,CWAE-MMD-IF,123,768,4,4,0.7282608695652174,0.6519029850746267,0.8263349327727734,0.0,1.9548795223236084,2026-02-02T23:48:06.137319
pima,CWAE-MMD-CRPS,123,768,4,4,0.7282608695652174,0.6749626865671642,0.831402658169122,0.0,1.8764939308166504,2026-02-02T23:48:08.023437
pima,CWAE-MMD-Huber,123,768,4,4,0.7282608695652174,0.6188059701492536,0.8160545078519302,0.0,1.8360419273376465,2026-02-02T23:48:09.868335
pima,CWAE-MMD-DIF-Dual,123,768,4,4,0.7282608695652174,0.646044776119403,0.7965728414596644,0.0,4.07439661026001,2026-02-02T23:48:13.951126
pima,CWAE-MMD-IF-Dual,123,768,4,4,0.7282608695652174,0.641902985074627,0.7987600576719721,0.0,2.181222438812256,2026-02-02T23:48:16.145377
pima,CWAE-MMD-IF-Latent,123,768,4,4,0.7282608695652174,0.5894776119402986,0.7609619835087331,0.0,1.8107426166534424,2026-02-02T23:48:17.965876
pima,IF,456,768,4,4,0.7282608695652174,0.6329477611940298,0.7929182588310829,0.0,0.1889674663543701,2026-02-02T23:48:18.162705
pima,IF-concat,456,768,4,4,0.7282608695652174,0.6866044776119402,0.8214536159949901,0.0,0.1719586849212646,2026-02-02T23:48:18.341581
pima,DIF,456,768,4,4,0.7282608695652174,0.6727238805970149,0.8125111193352001,0.0,1.2517788410186768,2026-02-02T23:48:19.601106
pima,CVAE,456,768,4,4,0.7282608695652174,0.6758582089552239,0.8120034518047893,0.0,1.131448745727539,2026-02-02T23:48:20.742901
pima,CWAE-MMD-IF,456,768,4,4,0.7282608695652174,0.634981343283582,0.8014772945901351,0.0,2.0975327491760254,2026-02-02T23:48:22.851810
pima,CWAE-MMD-CRPS,456,768,4,4,0.7282608695652174,0.6425373134328358,0.8089666368752525,0.0,2.0662264823913574,2026-02-02T23:48:24.928352
pima,CWAE-MMD-Huber,456,768,4,4,0.7282608695652174,0.6269402985074628,0.8017779021983112,0.0,2.1105144023895264,2026-02-02T23:48:27.048441
pima,CWAE-MMD-DIF-Dual,456,768,4,4,0.7282608695652174,0.6511567164179105,0.8084676599901552,0.0,4.241748571395874,2026-02-02T23:48:31.300740
pima,CWAE-MMD-IF-Dual,456,768,4,4,0.7282608695652174,0.6477798507462686,0.7980919392929482,0.0,2.9418084621429443,2026-02-02T23:48:34.258433
pima,CWAE-MMD-IF-Latent,456,768,4,4,0.7282608695652174,0.5748507462686567,0.7670698375844156,0.0,2.3511533737182617,2026-02-02T23:48:36.621738
wbc,IF,42,378,15,15,0.2282608695652173,0.9456740442655936,0.8714400865749066,0.0,0.2061638832092285,2026-02-02T23:48:36.836912
wbc,IF-concat,42,378,15,15,0.2282608695652173,0.9463447350771296,0.8862704467967628,0.0,0.1783175468444824,2026-02-02T23:48:37.022352
wbc,DIF,42,378,15,15,0.2282608695652173,0.9416498993963782,0.8683946831990097,0.0,1.2136220932006836,2026-02-02T23:48:38.244032
wbc,CVAE,42,378,15,15,0.2282608695652173,0.9564050972501676,0.9263244135076408,0.0,0.8865587711334229,2026-02-02T23:48:39.142306
wbc,CWAE-MMD-IF,42,378,15,15,0.2282608695652173,0.9711602951039572,0.935498826048899,0.0,1.957457065582276,2026-02-02T23:48:41.109624
wbc,CWAE-MMD-CRPS,42,378,15,15,0.2282608695652173,0.97719651240778,0.9587731956153008,0.0,1.8933112621307373,2026-02-02T23:48:43.015892
wbc,CWAE-MMD-Huber,42,378,15,15,0.2282608695652173,0.9590878604963112,0.9400586160390084,0.0,1.899462938308716,2026-02-02T23:48:44.926325
wbc,CWAE-MMD-DIF-Dual,42,378,15,15,0.2282608695652173,0.9443326626425216,0.908354814846396,0.0,4.251458168029785,2026-02-02T23:48:49.188095
wbc,CWAE-MMD-IF-Dual,42,378,15,15,0.2282608695652173,0.9510395707578806,0.9059230040094244,0.0,2.1089978218078613,2026-02-02T23:48:51.309222
wbc,CWAE-MMD-IF-Latent,42,378,15,15,0.2282608695652173,0.9054325955734406,0.820919637048894,0.0,1.6534504890441897,2026-02-02T23:48:52.972957
wbc,IF,123,378,15,15,0.2282608695652173,0.976525821596244,0.9337572001980872,0.0,0.206310749053955,2026-02-02T23:48:53.189052
wbc,IF-concat,123,378,15,15,0.2282608695652173,0.9691482226693494,0.9124265675551664,0.0,0.1897814273834228,2026-02-02T23:48:53.385458
wbc,DIF,123,378,15,15,0.2282608695652173,0.9631120053655264,0.8829792922131632,0.0,1.2476141452789309,2026-02-02T23:48:54.643021
wbc,CVAE,123,378,15,15,0.2282608695652173,0.9476861167002012,0.8641009879381416,0.0,1.0470004081726074,2026-02-02T23:48:55.701000
wbc,CWAE-MMD-IF,123,378,15,15,0.2282608695652173,0.9792085848423876,0.8932838278736595,0.0,1.9118587970733645,2026-02-02T23:48:57.622734
wbc,CWAE-MMD-CRPS,123,378,15,15,0.2282608695652173,0.9758551307847084,0.863633177690059,0.0,1.7290809154510498,2026-02-02T23:48:59.362865
wbc,CWAE-MMD-Huber,123,378,15,15,0.2282608695652173,0.9725016767270288,0.8774994846423418,0.0,1.927067518234253,2026-02-02T23:49:01.301416
wbc,CWAE-MMD-DIF-Dual,123,378,15,15,0.2282608695652173,0.9758551307847084,0.9096994337120516,0.0,4.096076488494873,2026-02-02T23:49:05.408988
wbc,CWAE-MMD-IF-Dual,123,378,15,15,0.2282608695652173,0.976525821596244,0.9000322624840442,0.0,1.9966938495635984,2026-02-02T23:49:07.419120
wbc,CWAE-MMD-IF-Latent,123,378,15,15,0.2282608695652173,0.9268947015425888,0.8414021506038314,0.0,1.7377500534057615,2026-02-02T23:49:09.166984
wbc,IF,456,378,15,15,0.2282608695652173,0.9758551307847084,0.9456916099773244,0.0,0.2126579284667968,2026-02-02T23:49:09.388638
wbc,IF-concat,456,378,15,15,0.2282608695652173,0.9590878604963112,0.9008778669401616,0.0,0.1789543628692627,2026-02-02T23:49:09.574426
wbc,DIF,456,378,15,15,0.2282608695652173,0.9731723675385648,0.91388768221475,0.0,1.2737178802490234,2026-02-02T23:49:10.856610
wbc,CVAE,456,378,15,15,0.2282608695652173,0.9865861837692824,0.959091529588424,0.0,0.9857842922210692,2026-02-02T23:49:11.852856
wbc,CWAE-MMD-IF,456,378,15,15,0.2282608695652173,0.9711602951039572,0.9213008023722312,0.0,1.622025728225708,2026-02-02T23:49:13.483687
wbc,CWAE-MMD-CRPS,456,378,15,15,0.2282608695652173,0.9818913480885312,0.9509474452549052,0.0,1.7064557075500488,2026-02-02T23:49:15.199717
wbc,CWAE-MMD-Huber,456,378,15,15,0.2282608695652173,0.977867203219316,0.9429732601575253,0.0,1.924920558929444,2026-02-02T23:49:17.134672
wbc,CWAE-MMD-DIF-Dual,456,378,15,15,0.2282608695652173,0.9577464788732394,0.9256629206706608,0.0,4.232266187667847,2026-02-02T23:49:21.377487
wbc,CWAE-MMD-IF-Dual,456,378,15,15,0.2282608695652173,0.9691482226693496,0.9311576576702564,0.0,2.164368391036988,2026-02-02T23:49:23.558986
wbc,CWAE-MMD-IF-Latent,456,378,15,15,0.2282608695652173,0.9014084507042252,0.8467203235333753,0.0,2.196765184402466,2026-02-02T23:49:25.769432
vowels,IF,42,1456,6,6,0.1510574018126888,0.6711743772241993,0.2736614268713891,0.0,0.2374651432037353,2026-02-02T23:49:26.017880
vowels,IF-concat,42,1456,6,6,0.1510574018126888,0.7654804270462633,0.3531410314435826,0.0,0.2448828220367431,2026-02-02T23:49:26.271293
vowels,DIF,42,1456,6,6,0.1510574018126888,0.8531672597864769,0.5092562888282651,0.0,1.3850116729736328,2026-02-02T23:49:27.668441
vowels,CVAE,42,1456,6,6,0.1510574018126888,0.8094661921708185,0.5314573827565197,0.0,2.636739492416382,2026-02-02T23:49:30.318974
vowels,CWAE-MMD-IF,42,1456,6,6,0.1510574018126888,0.9032740213523132,0.6688988276655088,0.0,6.463300704956055,2026-02-02T23:49:36.791858
vowels,CWAE-MMD-CRPS,42,1456,6,6,0.1510574018126888,0.9148042704626336,0.6634531647745469,0.0,5.731856346130371,2026-02-02T23:49:42.532255
vowels,CWAE-MMD-Huber,42,1456,6,6,0.1510574018126888,0.8906049822064057,0.5881513483911769,0.0,5.941403150558472,2026-02-02T23:49:48.483824
vowels,CWAE-MMD-DIF-Dual,42,1456,6,6,0.1510574018126888,0.9070462633451958,0.7072351526978633,0.0,9.522907495498655,2026-02-02T23:49:58.018965
vowels,CWAE-MMD-IF-Dual,42,1456,6,6,0.1510574018126888,0.8898932384341638,0.6451106598212779,0.0,6.7740912437438965,2026-02-02T23:50:04.809337
vowels,CWAE-MMD-IF-Latent,42,1456,6,6,0.1510574018126888,0.6937366548042705,0.3255787895933848,0.0,6.031860828399658,2026-02-02T23:50:10.851866
vowels,IF,123,1456,6,6,0.1510574018126888,0.6535943060498222,0.2592383716543289,0.0,0.2458651065826416,2026-02-02T23:50:11.108256
vowels,IF-concat,123,1456,6,6,0.1510574018126888,0.7358718861209964,0.3260841549259592,0.0,0.2385094165802002,2026-02-02T23:50:11.357240
vowels,DIF,123,1456,6,6,0.1510574018126888,0.8398576512455516,0.4542720203601684,0.0,1.449744701385498,2026-02-02T23:50:12.818757
vowels,CVAE,123,1456,6,6,0.1510574018126888,0.8552313167259786,0.6578282618837816,0.0,2.694830656051636,2026-02-02T23:50:15.526433
vowels,CWAE-MMD-IF,123,1456,6,6,0.1510574018126888,0.9098220640569396,0.6707924897291371,0.0,5.905356168746948,2026-02-02T23:50:21.445583
vowels,CWAE-MMD-CRPS,123,1456,6,6,0.1510574018126888,0.9446975088967972,0.7825212336406501,0.0,6.120713710784912,2026-02-02T23:50:27.577536
vowels,CWAE-MMD-Huber,123,1456,6,6,0.1510574018126888,0.9140925266903916,0.6981314944238344,0.0,6.250526428222656,2026-02-02T23:50:33.837607
vowels,CWAE-MMD-DIF-Dual,123,1456,6,6,0.1510574018126888,0.8738790035587187,0.5749176665145096,0.0,7.544568300247192,2026-02-02T23:50:41.391377
vowels,CWAE-MMD-IF-Dual,123,1456,6,6,0.1510574018126888,0.8708896797153025,0.5738893061640021,0.0,5.1825478076934814,2026-02-02T23:50:46.588094
vowels,CWAE-MMD-IF-Latent,123,1456,6,6,0.1510574018126888,0.7202846975088968,0.3383619135257431,0.0,5.347329616546631,2026-02-02T23:50:51.944492
vowels,IF,456,1456,6,6,0.1510574018126888,0.661423487544484,0.2677844387169545,0.0,0.2108683586120605,2026-02-02T23:50:52.163736
vowels,IF-concat,456,1456,6,6,0.1510574018126888,0.7565836298932385,0.3753419101556425,0.0,0.1874091625213623,2026-02-02T23:50:52.358416
vowels,DIF,456,1456,6,6,0.1510574018126888,0.8358718861209964,0.4599254388729437,0.0,1.3553504943847656,2026-02-02T23:50:53.722407
vowels,CVAE,456,1456,6,6,0.1510574018126888,0.8494661921708185,0.5283671088135348,0.0,2.318610668182373,2026-02-02T23:50:56.051591
vowels,CWAE-MMD-IF,456,1456,6,6,0.1510574018126888,0.9043416370106762,0.6670854321470401,0.0,4.984431028366089,2026-02-02T23:51:01.046860
vowels,CWAE-MMD-CRPS,456,1456,6,6,0.1510574018126888,0.9145907473309608,0.7912756353727799,0.0,5.578265190124512,2026-02-02T23:51:06.635424
vowels,CWAE-MMD-Huber,456,1456,6,6,0.1510574018126888,0.8923131672597864,0.6836616925257328,0.0,5.347494840621948,2026-02-02T23:51:11.994801
vowels,CWAE-MMD-DIF-Dual,456,1456,6,6,0.1510574018126888,0.8651957295373666,0.6228661460912213,0.0,7.376047611236572,2026-02-02T23:51:19.381602
vowels,CWAE-MMD-IF-Dual,456,1456,6,6,0.1510574018126888,0.8231316725978648,0.5094812220792272,0.0,5.625971078872681,2026-02-02T23:51:25.021614
vowels,CWAE-MMD-IF-Latent,456,1456,6,6,0.1510574018126888,0.6926690391459074,0.3046517376400278,0.0,7.093692779541016,2026-02-02T23:51:32.126207
saml,IF,42,100000,5,2,0.0066643457502362,0.5211137647764781,0.00962972922264,0.0,0.8418362140655518,2026-02-02T23:51:33.013517
saml,IF-concat,42,100000,5,2,0.0066643457502362,0.7005604954748612,0.0175821237539563,0.0,0.7459244728088379,2026-02-02T23:51:33.775114
saml,DIF,42,100000,5,2,0.0066643457502362,0.6810911147960194,0.0238807232720449,0.0,4.948318004608154,2026-02-02T23:51:38.755142
saml,CVAE,42,100000,5,2,0.0066643457502362,0.6220149066911973,0.0208320822509458,0.0,164.51960349082947,2026-02-02T23:54:23.297818
saml,CWAE-MMD-IF,42,100000,5,2,0.0066643457502362,0.6576200632047293,0.0168264611936812,0.0,323.7203760147095,2026-02-02T23:59:47.041634
saml,CWAE-MMD-CRPS,42,100000,5,2,0.0066643457502362,0.6307373162724903,0.0153122610166518,0.0,309.18239760398865,2026-02-03T00:04:56.247057
saml,CWAE-MMD-Huber,42,100000,5,2,0.0066643457502362,0.638177024057104,0.016169210729579,0.0,300.1011095046997,2026-02-03T00:09:56.367098
saml,CWAE-MMD-DIF-Dual,42,100000,5,2,0.0066643457502362,0.658769562790364,0.0218184235297904,0.0,305.8906760215759,2026-02-03T00:15:02.277747
saml,CWAE-MMD-IF-Dual,42,100000,5,2,0.0066643457502362,0.6571109804205827,0.0197262812147185,0.0,321.3776557445526,2026-02-03T00:20:23.681175
saml,CWAE-MMD-IF-Latent,42,100000,5,2,0.0066643457502362,0.6018006771828536,0.021264623930935,0.0,377.22585344314575,2026-02-03T00:26:40.932812
saml,IF,123,100000,5,2,0.0066643457502362,0.5071615337421937,0.0093283968795204,0.0,0.826092004776001,2026-02-03T00:26:41.796662
saml,IF-concat,123,100000,5,2,0.0066643457502362,0.7004314032899639,0.0182073905423543,0.0,0.7720139026641846,2026-02-03T00:26:42.583893
saml,DIF,123,100000,5,2,0.0066643457502362,0.6835851533899122,0.0239619435732073,0.0,5.041194915771484,2026-02-03T00:26:47.645771
saml,CVAE,123,100000,5,2,0.0066643457502362,0.6376830736419539,0.0161815882391667,0.0,133.91681504249573,2026-02-03T00:29:01.584834
saml,CWAE-MMD-IF,123,100000,5,2,0.0066643457502362,0.6511222986853147,0.0267838220627373,0.0,338.0266606807709,2026-02-03T00:34:39.643770
saml,CWAE-MMD-CRPS,123,100000,5,2,0.0066643457502362,0.6166012549778022,0.0161139771930232,0.0,331.38106417655945,2026-02-03T00:40:11.054922
saml,CWAE-MMD-Huber,123,100000,5,2,0.0066643457502362,0.645861652036219,0.0134704546388124,0.0,353.23897671699524,2026-02-03T00:46:04.317301
saml,CWAE-MMD-DIF-Dual,123,100000,5,2,0.0066643457502362,0.6571978514277856,0.0299324598916565,0.0,369.3712501525879,2026-02-03T00:52:13.712773
saml,CWAE-MMD-IF-Dual,123,100000,5,2,0.0066643457502362,0.655629315994503,0.0258762108892184,0.0,381.9439992904663,2026-02-03T00:58:35.688956
saml,CWAE-MMD-IF-Latent,123,100000,5,2,0.0066643457502362,0.6391210223353767,0.0200793458309173,0.0,397.7662479877472,2026-02-03T01:05:13.484990
saml,IF,456,100000,5,2,0.0066643457502362,0.5123993884281093,0.0100639740134847,0.0,0.7192683219909668,2026-02-03T01:05:14.256945
saml,IF-concat,456,100000,5,2,0.0066643457502362,0.707956487526818,0.0183237593786492,0.0,0.7033741474151611,2026-02-03T01:05:14.978347
saml,DIF,456,100000,5,2,0.0066643457502362,0.6837379716348414,0.0240942786315973,0.0,5.225852489471436,2026-02-03T01:05:20.232117
saml,CVAE,456,100000,5,2,0.0066643457502362,0.5936927165105728,0.016033247442161,0.0,182.32116270065308,2026-02-03T01:08:22.584830
saml,CWAE-MMD-IF,456,40000,5,2,0.0052284327150504,0.6898415479318997,0.0479722853394153,0.0,259.412127494812,2026-02-03T01:14:39.231528
saml,CWAE-MMD-CRPS,456,40000,5,2,0.0052284327150504,0.6397926834355316,0.0509797245413955,0.0,210.6098589897156,2026-02-03T01:18:09.862583
saml,CWAE-MMD-Huber,456,40000,5,2,0.0052284327150504,0.6347974804988945,0.0933659792630333,0.0,206.1295998096466,2026-02-03T01:21:36.011079
saml,CWAE-MMD-DIF-Dual,456,40000,5,2,0.0052284327150504,0.701104218436217,0.0547786507879182,0.0,211.27624082565308,2026-02-03T01:25:07.305915
saml,CWAE-MMD-IF-Dual,456,40000,5,2,0.0052284327150504,0.702796598554326,0.0650491791879683,0.0,234.75031065940857,2026-02-03T01:29:02.080244
saml,CWAE-MMD-IF-Latent,456,40000,5,2,0.0052284327150504,0.6749438356246016,0.0874410402710858,0.0,234.6283707618713,2026-02-03T01:32:56.728479
paysim,IF,42,40000,3,7,0.5636925188743994,0.7876787053279656,0.8358442709929237,0.0,0.5716321468353271,2026-02-03T01:33:15.305254
paysim,IF-concat,42,40000,3,7,0.5636925188743994,0.8443601873440398,0.8601685901116929,0.0,0.5877883434295654,2026-02-03T01:33:15.912128
paysim,DIF,42,40000,3,7,0.5636925188743994,0.7756718482561621,0.784154445956079,0.0,3.5484619140625,2026-02-03T01:33:19.490788
paysim,CVAE,42,40000,3,7,0.5636925188743994,0.8830577723545553,0.9171832576581436,0.0,77.92899203300476,2026-02-03T01:34:37.445008
paysim,CWAE-MMD-IF,42,40000,3,7,0.5636925188743994,0.9095115631110116,0.9382684906221364,0.0,205.3078072071076,2026-02-03T01:38:02.775330
paysim,CWAE-MMD-CRPS,42,40000,3,7,0.5636925188743994,0.8998213964244923,0.9251904639480308,0.0,230.79464292526245,2026-02-03T01:41:53.593636
paysim,CWAE-MMD-Huber,42,40000,3,7,0.5636925188743994,0.9077541521179804,0.934246821138387,0.0,209.049729347229,2026-02-03T01:45:22.668921
paysim,CWAE-MMD-DIF-Dual,42,40000,3,7,0.5636925188743994,0.8995211476658292,0.9322226972240168,0.0,219.8481719493866,2026-02-03T01:49:02.542308
paysim,CWAE-MMD-IF-Dual,42,40000,3,7,0.5636925188743994,0.8954987987847012,0.9294812980094748,0.0,199.0114748477936,2026-02-03T01:52:21.585016
paysim,CWAE-MMD-IF-Latent,42,40000,3,7,0.5636925188743994,0.7784125950025589,0.8117087371027487,0.0,194.67933320999143,2026-02-03T01:55:36.290603
paysim,IF,123,40000,3,7,0.5636925188743994,0.7895216554225652,0.8368301701817853,0.0,0.5767924785614014,2026-02-03T01:55:36.898154
paysim,IF-concat,123,40000,3,7,0.5636925188743994,0.846618469424301,0.8583191192045216,0.0,0.6286134719848633,2026-02-03T01:55:37.549817
paysim,DIF,123,40000,3,7,0.5636925188743994,0.7753105575994472,0.7845118381664862,0.0,4.015359163284302,2026-02-03T01:55:41.590429
paysim,CVAE,123,40000,3,7,0.5636925188743994,0.8755638307198419,0.9074013645001516,0.0,75.15959858894348,2026-02-03T01:56:56.777102
paysim,CWAE-MMD-IF,123,40000,3,7,0.5636925188743994,0.9086825463324192,0.9339384517244164,0.0,170.70982217788696,2026-02-03T01:59:47.513082
paysim,CWAE-MMD-CRPS,123,40000,3,7,0.5636925188743994,0.8904209824313296,0.9259959015613892,0.0,168.21026349067688,2026-02-03T02:02:35.746482
paysim,CWAE-MMD-Huber,123,40000,3,7,0.5636925188743994,0.9059289189219368,0.9327647631710232,0.0,161.00146389007568,2026-02-03T02:05:16.772351
paysim,CWAE-MMD-DIF-Dual,123,40000,3,7,0.5636925188743994,0.9105815297099652,0.9371481026196092,0.0,169.77802991867063,2026-02-03T02:08:06.574283
paysim,CWAE-MMD-IF-Dual,123,40000,3,7,0.5636925188743994,0.8964085184303916,0.9219471757229372,0.0,165.02961826324463,2026-02-03T02:10:51.630856
paysim,CWAE-MMD-IF-Latent,123,40000,3,7,0.5636925188743994,0.774215825649323,0.7977055390856649,0.0,160.05960869789124,2026-02-03T02:13:31.713261
paysim,IF,456,40000,3,7,0.5636925188743994,0.7906920720479802,0.8307596379690165,0.0,0.4827022552490234,2026-02-03T02:13:32.222747
paysim,IF-concat,456,40000,3,7,0.5636925188743994,0.835332134675014,0.8519105161614895,0.0,0.4916591644287109,2026-02-03T02:13:32.733915
paysim,DIF,456,40000,3,7,0.5636925188743994,0.7827374623207057,0.7946338715534904,0.0,3.467207193374634,2026-02-03T02:13:36.225047
paysim,CVAE,456,40000,3,7,0.5636925188743994,0.8611848916188365,0.9003776360517965,0.0,65.73755168914795,2026-02-03T02:14:41.986972
paysim,CWAE-MMD-IF,456,40000,3,7,0.5636925188743994,0.9194386669797864,0.9458898035412944,0.0,161.10590624809265,2026-02-03T02:17:23.116919
paysim,CWAE-MMD-CRPS,456,40000,3,7,0.5636925188743994,0.9043343214382844,0.9332829321408556,0.0,171.87908625602722,2026-02-03T02:20:15.020245
paysim,CWAE-MMD-Huber,456,40000,3,7,0.5636925188743994,0.9205910985589916,0.9417079289140003,0.0,166.00471234321594,2026-02-03T02:23:01.052117
paysim,CWAE-MMD-DIF-Dual,456,40000,3,7,0.5636925188743994,0.9184691504072944,0.9442328358313942,0.0,165.75107550621033,2026-02-03T02:25:46.827108
paysim,CWAE-MMD-IF-Dual,456,40000,3,7,0.5636925188743994,0.9140321303329372,0.9416215851936032,0.0,159.54314470291138,2026-02-03T02:28:26.398791
paysim,CWAE-MMD-IF-Latent,456,40000,3,7,0.5636925188743994,0.7812595090664648,0.8136794200878004,0.0,162.62863993644714,2026-02-03T02:31:09.053044
creditcard,IF,42,40000,2,28,0.058620278803765,0.949717181009299,0.7645839123551289,0.0,0.669506311416626,2026-02-03T02:31:12.926612
creditcard,IF-concat,42,40000,2,28,0.058620278803765,0.9469697671283764,0.7156957777521847,0.0,0.5892062187194824,2026-02-03T02:31:13.532801
creditcard,DIF,42,40000,2,28,0.058620278803765,0.945203756239562,0.6447528174920415,0.0,3.8518223762512207,2026-02-03T02:31:17.403859
creditcard,CVAE,42,40000,2,28,0.058620278803765,0.9535234296780382,0.8115396077358232,0.0,90.5533492565155,2026-02-03T02:32:47.979402
creditcard,CWAE-MMD-IF,42,40000,2,28,0.058620278803765,0.9555809031068416,0.8729847579503749,0.0,258.7089321613312,2026-02-03T02:37:06.710582
creditcard,CWAE-MMD-CRPS,42,40000,2,28,0.058620278803765,0.9523466464572252,0.8535456455052047,0.0,259.093980550766,2026-02-03T02:41:25.823703
creditcard,CWAE-MMD-Huber,42,40000,2,28,0.058620278803765,0.9529248124401252,0.8597423708308348,0.0,304.93631076812744,2026-02-03T02:46:30.779853
creditcard,CWAE-MMD-DIF-Dual,42,40000,2,28,0.058620278803765,0.9588322667810908,0.8576728787801726,0.0,224.23271131515503,2026-02-03T02:50:15.034806
creditcard,CWAE-MMD-IF-Dual,42,40000,2,28,0.058620278803765,0.9592839951308004,0.8606155121894475,0.0,190.4431843757629,2026-02-03T02:53:25.502869
creditcard,CWAE-MMD-IF-Latent,42,40000,2,28,0.058620278803765,0.9513005454696998,0.7069470538065247,0.0,179.68094992637634,2026-02-03T02:56:25.201654
creditcard,IF,123,40000,2,28,0.058620278803765,0.9461406552427756,0.7262271222460686,0.0,0.5165200233459473,2026-02-03T02:56:25.752751
creditcard,IF-concat,123,40000,2,28,0.058620278803765,0.9488831814023746,0.7449790948347805,0.0,0.5420386791229248,2026-02-03T02:56:26.310479
creditcard,DIF,123,40000,2,28,0.058620278803765,0.9470134993717992,0.6715576190342045,0.0,3.687518358230591,2026-02-03T02:56:30.017122
creditcard,CVAE,123,40000,2,28,0.058620278803765,0.9481901539683668,0.8356736183253483,0.0,79.24725008010864,2026-02-03T02:57:49.285768
creditcard,CWAE-MMD-IF,123,40000,2,28,0.058620278803765,0.9542252035607306,0.8654056231609574,0.0,202.387690782547,2026-02-03T03:01:11.689960
creditcard,CWAE-MMD-CRPS,123,40000,2,28,0.058620278803765,0.9573896172451156,0.8715357668443817,0.0,237.6633038520813,2026-02-03T03:05:09.370806
creditcard,CWAE-MMD-Huber,123,40000,2,28,0.058620278803765,0.96197687233169,0.8676182223537359,0.0,234.23508310318,2026-02-03T03:09:03.625564
creditcard,CWAE-MMD-DIF-Dual,123,40000,2,28,0.058620278803765,0.9593508797383884,0.8622864723768171,0.0,314.6422917842865,2026-02-03T03:14:18.286345
creditcard,CWAE-MMD-IF-Dual,123,40000,2,28,0.058620278803765,0.9597864014331828,0.8385030096024451,0.0,285.8276352882385,2026-02-03T03:19:04.135724
creditcard,CWAE-MMD-IF-Latent,123,40000,2,28,0.058620278803765,0.95614607804096,0.7639414009263028,0.0,257.307633638382,2026-02-03T03:23:21.462350
creditcard,IF,456,40000,2,28,0.058620278803765,0.9514644127582904,0.7663392572562749,0.0,0.5740242004394531,2026-02-03T03:23:22.075238
creditcard,IF-concat,456,40000,2,28,0.058620278803765,0.9518821843072248,0.7412830234935353,0.0,0.5661516189575195,2026-02-03T03:23:22.660340
creditcard,DIF,456,40000,2,28,0.058620278803765,0.9476666532897452,0.6723176796884144,0.0,3.845579862594605,2026-02-03T03:23:26.524830
creditcard,CVAE,456,40000,2,28,0.058620278803765,0.95434585310288,0.8129476823408721,0.0,114.56982922554016,2026-02-03T03:25:21.114364
creditcard,CWAE-MMD-IF,456,40000,2,28,0.058620278803765,0.9616699748822576,0.8593807811617284,0.0,265.75563192367554,2026-02-03T03:29:46.888691
creditcard,CWAE-MMD-CRPS,456,40000,2,28,0.058620278803765,0.9587396573244304,0.864982649879158,0.0,257.2454209327698,2026-02-03T03:34:04.153872
creditcard,CWAE-MMD-Huber,456,40000,2,28,0.058620278803765,0.9619390568035536,0.8658948591524215,0.0,232.09126830101013,2026-02-03T03:37:56.262882
creditcard,CWAE-MMD-DIF-Dual,456,40000,2,28,0.058620278803765,0.959324383143844,0.850286446010653,0.0,232.4769501686096,2026-02-03T03:41:48.759247
creditcard,CWAE-MMD-IF-Dual,456,40000,2,28,0.058620278803765,0.9583028493871826,0.8501206252875112,0.0,230.47172451019287,2026-02-03T03:45:39.253497
creditcard,CWAE-MMD-IF-Latent,456,40000,2,28,0.058620278803765,0.948680212343194,0.7548283224840806,0.0,237.5958125591278,2026-02-03T03:49:36.868085
ieee_cis,IF,42,40000,11,31,0.8423562984101101,0.6082687334814689,0.8879748871667876,0.0,0.5244450569152832,2026-02-03T03:50:04.357858
ieee_cis,IF-concat,42,40000,11,31,0.8423562984101101,0.6522065696958347,0.9064270891078032,0.0,0.5622732639312744,2026-02-03T03:50:04.953791
ieee_cis,DIF,42,40000,11,31,0.8423562984101101,0.5896024671961557,0.8648340518497007,0.0,3.3663313388824463,2026-02-03T03:50:08.355971
ieee_cis,CVAE,42,40000,11,31,0.8423562984101101,0.5687249361954794,0.8728754822690439,0.0,55.201940059661865,2026-02-03T03:51:03.591897
ieee_cis,CWAE-MMD-IF,42,40000,11,31,0.8423562984101101,0.5974238453502743,0.8876977738158165,0.0,107.84814190864564,2026-02-03T03:52:51.470231
ieee_cis,CWAE-MMD-CRPS,42,40000,11,31,0.8423562984101101,0.6454485261724843,0.9000553137597458,0.0,111.77655339241028,2026-02-03T03:54:43.278763
ieee_cis,CWAE-MMD-Huber,42,40000,11,31,0.8423562984101101,0.6289979549288387,0.8960091378238482,0.0,117.38706159591676,2026-02-03T03:56:40.697559
ieee_cis,CWAE-MMD-DIF-Dual,42,40000,11,31,0.8423562984101101,0.6096479040720719,0.8884300292762233,0.0,114.10881972312929,2026-02-03T03:58:34.838447
ieee_cis,CWAE-MMD-IF-Dual,42,40000,11,31,0.8423562984101101,0.5980131225514234,0.8828058651497832,0.0,118.1276843547821,2026-02-03T04:00:33.000295
ieee_cis,CWAE-MMD-IF-Latent,42,40000,11,31,0.8423562984101101,0.5531109144329907,0.8577882197780479,0.0,112.50297594070436,2026-02-03T04:02:25.537064
ieee_cis,IF,123,40000,11,31,0.8423562984101101,0.6091855669830859,0.8914676031068554,0.0,0.4896113872528076,2026-02-03T04:02:26.077009
ieee_cis,IF-concat,123,40000,11,31,0.8423562984101101,0.6402085076757468,0.9021998883912836,0.0,0.5078821182250977,2026-02-03T04:02:26.614246
ieee_cis,DIF,123,40000,11,31,0.8423562984101101,0.5903193415493859,0.8655940379767053,0.0,3.321054458618164,2026-02-03T04:02:29.969267
ieee_cis,CVAE,123,40000,11,31,0.8423562984101101,0.5263001252468265,0.8520781917530162,0.0,53.71635031700134,2026-02-03T04:03:23.717101
ieee_cis,CWAE-MMD-IF,123,40000,11,31,0.8423562984101101,0.5820577091050502,0.8793252253986443,0.0,109.34741520881651,2026-02-03T04:05:13.096538
ieee_cis,CWAE-MMD-CRPS,123,40000,11,31,0.8423562984101101,0.6368309407881758,0.901555964048156,0.0,123.24639678001404,2026-02-03T04:07:16.375629
ieee_cis,CWAE-MMD-Huber,123,40000,11,31,0.8423562984101101,0.6003409524057679,0.8866320638657814,0.0,108.73648428916933,2026-02-03T04:09:05.144374
ieee_cis,CWAE-MMD-DIF-Dual,123,100000,11,31,0.1161556603773584,0.5862775345760098,0.1919351607374102,0.0,704.5887491703033,2026-02-03T04:11:24.908124
ieee_cis,CWAE-MMD-IF-Latent,123,40000,11,31,0.8423562984101101,0.5446823437892914,0.8544123611806466,0.0,110.0041024684906,2026-02-03T04:14:44.323931
ieee_cis,IF,456,40000,11,31,0.8423562984101101,0.6011697425583691,0.8865542594456037,0.0,0.5060343742370605,2026-02-03T04:14:44.876443
ieee_cis,IF-concat,456,40000,11,31,0.8423562984101101,0.633237739657031,0.9025326301028076,0.0,0.5304625034332275,2026-02-03T04:14:45.436980
ieee_cis,DIF,456,40000,11,31,0.8423562984101101,0.57706291667829,0.8616079633965342,0.0,3.3258626461029053,2026-02-03T04:14:48.794861
ieee_cis,CVAE,456,40000,11,31,0.8423562984101101,0.5889146089772102,0.8860161349896464,0.0,52.96828651428223,2026-02-03T04:15:41.796295
ieee_cis,CWAE-MMD-IF,456,40000,11,31,0.8423562984101101,0.5974248340389129,0.8901129000184383,0.0,112.53300952911376,2026-02-03T04:17:34.361503
ieee_cis,CWAE-MMD-CRPS,456,40000,11,31,0.8423562984101101,0.6332153815272489,0.9009877594377336,0.0,117.0198781490326,2026-02-03T04:19:31.414561
ieee_cis,CWAE-MMD-Huber,456,40000,11,31,0.8423562984101101,0.6083715570998789,0.8927596835754024,0.0,108.44524693489076,2026-02-03T04:21:19.891186
ieee_cis,CWAE-MMD-DIF-Dual,456,40000,11,31,0.8423562984101101,0.6121899852574009,0.8888498530798045,0.0,118.40183424949646,2026-02-03T04:23:18.325017
ieee_cis,CWAE-MMD-IF-Dual,123,100000,11,31,0.1161556603773584,0.5698532048328177,0.1649459118762491,0.0,730.1177315711975,2026-02-03T04:23:35.056326
ieee_cis,CWAE-MMD-IF-Dual,456,40000,11,31,0.8423562984101101,0.6097182886911002,0.8886280046021545,0.0,114.51968836784364,2026-02-03T04:25:12.880672
ieee_cis,CWAE-MMD-IF-Latent,456,40000,11,31,0.8423562984101101,0.5566253834093866,0.8615491121557957,0.0,109.68705797195436,2026-02-03T04:27:02.600325
ieee_cis,CWAE-MMD-IF-Latent,123,100000,11,31,0.11615566037735849,0.5056307324658034,0.12718885690832063,0.0,442.069397687912,2026-02-03T04:30:57.150378
ieee_cis,IF,456,100000,11,31,0.11615566037735849,0.6062197032926184,0.17706512413299708,0.0,0.650977611541748,2026-02-03T04:30:57.880214
ieee_cis,IF-concat,456,100000,11,31,0.11615566037735849,0.6121669494938776,0.19242689019176287,0.0,0.7313721179962158,2026-02-03T04:30:58.635214
ieee_cis,DIF,456,100000,11,31,0.11615566037735849,0.5629858225851546,0.15444012859134934,0.0,4.527864933013916,2026-02-03T04:31:03.189161
ieee_cis,CVAE,456,100000,11,31,0.11615566037735849,0.5951367632487077,0.1738195607983321,0.0,142.6520276069641,2026-02-03T04:33:25.866256
ieee_cis,CWAE-MMD-IF,456,100000,11,31,0.11615566037735849,0.6242245979543186,0.19791595300478734,0.0,308.43750762939453,2026-02-03T04:38:34.328067
ieee_cis,CWAE-MMD-CRPS,456,100000,11,31,0.11615566037735849,0.6413296947211397,0.22049027028010193,0.0,326.38801169395447,2026-02-03T04:44:00.740220
ieee_cis,CWAE-MMD-Huber,456,100000,11,31,0.11615566037735849,0.6078522457136444,0.19485822585396828,0.0,314.85262155532837,2026-02-03T04:49:15.618217
ieee_cis,CWAE-MMD-DIF-Dual,456,100000,11,31,0.11615566037735849,0.6009907745543555,0.20646595697280842,0.0,322.2755982875824,2026-02-03T04:54:37.917729
ieee_cis,CWAE-MMD-IF-Dual,456,100000,11,31,0.11615566037735849,0.5935142596591242,0.18057062543207764,0.0,313.99974036216736,2026-02-03T04:59:51.942268
ieee_cis,CWAE-MMD-IF-Latent,456,100000,11,31,0.11615566037735849,0.5284524127429681,0.134232516242906,0.0,311.2211067676544,2026-02-03T05:05:03.186820
paysim,IF,42,100000,3,7,0.0057734421660362335,0.5260456944885588,0.01806099554048447,0.0,0.6226418018341064,2026-02-03T05:05:03.858394
paysim,IF-concat,42,100000,3,7,0.0057734421660362335,0.696624742794802,0.013496980120313333,0.0,0.7163395881652832,2026-02-03T05:05:04.595018
paysim,DIF,42,100000,3,7,0.0057734421660362335,0.7603891911673318,0.07377646079888667,0.0,4.274602174758911,2026-02-03T05:05:08.896176
paysim,CVAE,42,100000,3,7,0.0057734421660362335,0.7832735489483933,0.09908097879131993,0.0,142.46363973617554,2026-02-03T05:07:31.388349
paysim,CWAE-MMD-IF,42,100000,3,7,0.0057734421660362335,0.788234674713104,0.07631740233012757,0.0,317.40617990493774,2026-02-03T05:12:48.817134
paysim,CWAE-MMD-CRPS,42,100000,3,7,0.0057734421660362335,0.7962796735392816,0.049824150490948,0.0,332.1241149902344,2026-02-03T05:18:20.964594
paysim,CWAE-MMD-Huber,42,100000,3,7,0.0057734421660362335,0.8463022005717206,0.11246514179877608,0.0,320.1884801387787,2026-02-03T05:23:41.176506
paysim,CWAE-MMD-DIF-Dual,42,100000,3,7,0.0057734421660362335,0.7969364962092441,0.09699927335604977,0.0,325.57762598991394,2026-02-03T05:29:06.778410
paysim,CWAE-MMD-IF-Dual,42,100000,3,7,0.0057734421660362335,0.7907614136964358,0.09712009418961196,0.0,317.86022567749023,2026-02-03T05:34:24.669317
paysim,CWAE-MMD-IF-Latent,42,100000,3,7,0.0057734421660362335,0.7914510343446618,0.10929167421525698,0.0,317.0365312099457,2026-02-03T05:39:41.729050
paysim,IF,123,100000,3,7,0.0057734421660362335,0.5225250904533716,0.017561557305228185,0.0,0.6121189594268799,2026-02-03T05:39:42.381275
paysim,IF-concat,123,100000,3,7,0.0057734421660362335,0.7156147722094099,0.016715706835792373,0.0,0.6977245807647705,2026-02-03T05:39:43.099868
paysim,DIF,123,100000,3,7,0.0057734421660362335,0.7712789830555289,0.06318699788670337,0.0,4.314984321594238,2026-02-03T05:39:47.437565
paysim,CVAE,123,100000,3,7,0.0057734421660362335,0.638304758814025,0.06007642762175763,0.0,141.58114314079285,2026-02-03T05:42:09.039233
paysim,CWAE-MMD-IF,123,100000,3,7,0.0057734421660362335,0.7322025654923839,0.045600696822008374,0.0,316.5084822177887,2026-02-03T05:47:25.568053
paysim,CWAE-MMD-CRPS,123,100000,3,7,0.0057734421660362335,0.7789347216659992,0.10320957827087684,0.0,331.2863960266113,2026-02-03T05:52:56.877219
paysim,CWAE-MMD-Huber,123,100000,3,7,0.0057734421660362335,0.7648717253808018,0.03874555899048987,0.0,321.1629431247711,2026-02-03T05:58:18.062208
paysim,CWAE-MMD-DIF-Dual,123,100000,3,7,0.0057734421660362335,0.7254541656884814,0.06284604469061107,0.0,324.319584608078,2026-02-03T06:03:42.404210
paysim,CWAE-MMD-IF-Dual,123,100000,3,7,0.0057734421660362335,0.7281742401226299,0.057185778232860474,0.0,313.7199971675873,2026-02-03T06:08:56.149238
paysim,CWAE-MMD-IF-Latent,123,100000,3,7,0.0057734421660362335,0.7520567784790024,0.08267773720737996,0.0,315.6664037704468,2026-02-03T06:14:11.836530
paysim,IF,456,100000,3,7,0.0057734421660362335,0.5202864126607101,0.011673330371045761,0.0,0.6190135478973389,2026-02-03T06:14:12.492855
paysim,IF-concat,456,100000,3,7,0.0057734421660362335,0.7011884088492397,0.015837147717601058,0.0,0.711085319519043,2026-02-03T06:14:13.225520
paysim,DIF,456,100000,3,7,0.0057734421660362335,0.7669707959896704,0.06180958816599821,0.0,4.38017725944519,2026-02-03T06:14:17.628843
paysim,CVAE,456,100000,3,7,0.0057734421660362335,0.761417580406833,0.07022951264259442,0.0,142.27514910697937,2026-02-03T06:16:39.925493
paysim,CWAE-MMD-IF,456,100000,3,7,0.0057734421660362335,0.7003809744106722,0.028466091515440117,0.0,317.51475191116333,2026-02-03T06:21:57.463429
paysim,CWAE-MMD-CRPS,456,100000,3,7,0.0057734421660362335,0.7238604428762792,0.03535032074586998,0.0,331.47647404670715,2026-02-03T06:27:28.963161
paysim,CWAE-MMD-Huber,456,100000,3,7,0.0057734421660362335,0.7935682301520445,0.06418153571796407,0.0,321.2401759624481,2026-02-03T06:32:50.224938
paysim,CWAE-MMD-DIF-Dual,456,100000,3,7,0.0057734421660362335,0.7363638089845745,0.06692014578520145,0.0,324.11813473701477,2026-02-03T06:38:14.362837
paysim,CWAE-MMD-IF-Dual,456,100000,3,7,0.0057734421660362335,0.7167812581994946,0.0634217250591615,0.0,318.48286843299866,2026-02-03T06:43:32.873951
paysim,CWAE-MMD-IF-Latent,456,100000,3,7,0.0057734421660362335,0.7591709188957785,0.10475380716186738,0.0,316.8553123474121,2026-02-03T06:48:49.752238
creditcard,IF,42,284807,2,28,0.008578153604742393,0.9493109883704222,0.44014417426283964,0.0,1.3601114749908447,2026-02-03T06:48:51.366451
creditcard,IF-concat,42,284807,2,28,0.008578153604742393,0.9473710454266846,0.33841352788773954,0.0,1.5523931980133057,2026-02-03T06:48:52.960855
creditcard,DIF,42,284807,2,28,0.008578153604742393,0.9516994133239084,0.3487826194223599,0.0,9.412930011749268,2026-02-03T06:49:02.428549
creditcard,CVAE,42,284807,2,28,0.008578153604742393,0.9496990984893231,0.6549799705028216,0.0,415.2766783237457,2026-02-03T06:55:57.756869
creditcard,CWAE-MMD-IF,42,284807,2,28,0.008578153604742393,0.9415790612982365,0.7673687648864371,0.0,906.4789276123047,2026-02-03T07:11:04.272509
creditcard,CWAE-MMD-CRPS,42,284807,2,28,0.008578153604742393,0.9526941733726291,0.6775375263908732,0.0,955.3947474956512,2026-02-03T07:26:59.718616
creditcard,CWAE-MMD-Huber,42,284807,2,28,0.008578153604742393,0.9497077843208659,0.7337549744393153,0.0,920.3975172042847,2026-02-03T07:42:20.161210
creditcard,CWAE-MMD-DIF-Dual,42,284807,2,28,0.008578153604742393,0.9517655042807925,0.7588436425162175,0.0,921.8662650585175,2026-02-03T07:57:42.075130
creditcard,CWAE-MMD-IF-Dual,42,284807,2,28,0.008578153604742393,0.9510601647176805,0.760728429327788,0.0,904.1711356639862,2026-02-03T08:12:46.301800
creditcard,CWAE-MMD-IF-Latent,42,284807,2,28,0.008578153604742393,0.9457000773074752,0.38642179896757883,0.0,901.9877572059631,2026-02-03T08:27:48.341432
creditcard,IF,123,284807,2,28,0.008578153604742393,0.9521294870898519,0.43770063684845634,0.0,1.5147831439971924,2026-02-03T08:27:50.029217
creditcard,IF-concat,123,284807,2,28,0.008578153604742393,0.9504924759252341,0.3508646395396511,0.0,1.5210754871368408,2026-02-03T08:27:51.600320
creditcard,DIF,123,284807,2,28,0.008578153604742393,0.9516299981598904,0.29641272114772343,0.0,9.522403001785278,2026-02-03T08:28:01.164453
creditcard,CVAE,123,284807,2,28,0.008578153604742393,0.9436134760640643,0.6469503372579285,0.0,412.97721886634827,2026-02-03T08:34:54.184049
creditcard,CWAE-MMD-IF,123,284807,2,28,0.008578153604742393,0.947098674906697,0.7306466936762903,0.0,903.603490114212,2026-02-03T08:49:57.827584
creditcard,CWAE-MMD-CRPS,123,284807,2,28,0.008578153604742393,0.9478232984456008,0.7703978606328311,0.0,951.7997057437897,2026-02-03T09:05:49.673904
creditcard,CWAE-MMD-Huber,123,284807,2,28,0.008578153604742393,0.9587269659253757,0.660491348089141,0.0,963.9952206611633,2026-02-03T09:21:53.708613
creditcard,CWAE-MMD-DIF-Dual,123,284807,2,28,0.008578153604742393,0.9550950730389072,0.7546373500168929,0.0,974.5968813896179,2026-02-03T09:38:08.352931
creditcard,CWAE-MMD-IF-Dual,123,284807,2,28,0.008578153604742393,0.9571069689822163,0.7028133072714559,0.0,939.6183831691742,2026-02-03T09:53:48.014294
creditcard,CWAE-MMD-IF-Latent,123,284807,2,28,0.008578153604742393,0.9534543087372032,0.4245603955625059,0.0,934.1983318328857,2026-02-03T10:09:22.260721
creditcard,IF,456,284807,2,28,0.008578153604742393,0.9457461872773942,0.4319218230527337,0.0,1.529529094696045,2026-02-03T10:09:24.004940
creditcard,IF-concat,456,284807,2,28,0.008578153604742393,0.949934866986677,0.3983190802841853,0.0,1.5904064178466797,2026-02-03T10:09:25.644234
creditcard,DIF,456,284807,2,28,0.008578153604742393,0.9518100772517144,0.3310706658170464,0.0,9.817605257034302,2026-02-03T10:09:35.515257
creditcard,CVAE,456,284807,2,28,0.008578153604742393,0.9445614648758557,0.686694674379447,0.0,414.21323585510254,2026-02-03T10:16:29.782935
creditcard,CWAE-MMD-IF,456,284807,2,28,0.008578153604742393,0.9446114888315934,0.46638172950300044,0.0,975.0532557964325,2026-02-03T10:32:44.889934
